{
  "losses": [
    0.0019770884548316143,
    0.000662765780944365,
    0.00033936722160258684,
    0.000216226735127807,
    0.0001599242830586762
  ],
  "metrics": {
    "both": {
      "optimistic": {
        "adjusted_arithmetic_mean_rank": 0.04984322787193906,
        "adjusted_arithmetic_mean_rank_index": 0.9501571925579144,
        "adjusted_geometric_mean_rank_index": 0.9987108917961879,
        "adjusted_hits_at_k": 0.10377538175857944,
        "adjusted_inverse_harmonic_mean_rank": 0.05318776985984005,
        "arithmetic_mean_rank": 112644.00251155315,
        "count": 9954.0,
        "geometric_mean_rank": 2139.233304721938,
        "harmonic_mean_rank": 18.80013130217622,
        "hits_at_1": 0.027124773960216998,
        "hits_at_10": 0.10377737592927466,
        "hits_at_3": 0.05635925256178421,
        "hits_at_5": 0.07514567008237895,
        "inverse_arithmetic_mean_rank": 8.877525458112487e-06,
        "inverse_geometric_mean_rank": 0.0004674571949645212,
        "inverse_harmonic_mean_rank": 0.05319111786651429,
        "inverse_median_rank": 0.0003475238922675934,
        "median_absolute_deviation": 4258.774872657342,
        "median_rank": 2877.5,
        "standard_deviation": 350711.09819167206,
        "variance": 122998274394.80862,
        "z_arithmetic_mean_rank": 163.8648214610003,
        "z_geometric_mean_rank": 99.6501416308887,
        "z_hits_at_k": 6940.966500188901,
        "z_inverse_harmonic_mean_rank": 8771.413504701803
      },
      "pessimistic": {
        "adjusted_arithmetic_mean_rank": 0.04984327201370445,
        "adjusted_arithmetic_mean_rank_index": 0.9501571484161295,
        "adjusted_geometric_mean_rank_index": 0.9987108902924716,
        "adjusted_hits_at_k": 0.10377538175857944,
        "adjusted_inverse_harmonic_mean_rank": 0.053187769112810424,
        "arithmetic_mean_rank": 112644.10227044404,
        "count": 9954.0,
        "geometric_mean_rank": 2139.235798923864,
        "harmonic_mean_rank": 18.800131566209128,
        "hits_at_1": 0.027124773960216998,
        "hits_at_10": 0.10377737592927466,
        "hits_at_3": 0.05635925256178421,
        "hits_at_5": 0.07514567008237895,
        "inverse_arithmetic_mean_rank": 8.877517596075543e-06,
        "inverse_geometric_mean_rank": 0.00046745664994155716,
        "inverse_harmonic_mean_rank": 0.053191117119487305,
        "inverse_median_rank": 0.0003475238922675934,
        "median_absolute_deviation": 4258.774872657342,
        "median_rank": 2877.5,
        "standard_deviation": 350711.36655753775,
        "variance": 122998462632.6556,
        "z_arithmetic_mean_rank": 163.864813848275,
        "z_geometric_mean_rank": 99.65014148084975,
        "z_hits_at_k": 6940.966500188901,
        "z_inverse_harmonic_mean_rank": 8771.413381506081
      },
      "realistic": {
        "adjusted_arithmetic_mean_rank": 0.04984324750207774,
        "adjusted_arithmetic_mean_rank_index": 0.950157172927767,
        "adjusted_geometric_mean_rank_index": 0.9987108911509336,
        "adjusted_hits_at_k": 0.10377538175857944,
        "adjusted_inverse_harmonic_mean_rank": 0.05318777279943483,
        "arithmetic_mean_rank": 112644.046875,
        "count": 9954.0,
        "geometric_mean_rank": 2139.234375,
        "harmonic_mean_rank": 18.800130263195058,
        "hits_at_1": 0.027124773960216998,
        "hits_at_10": 0.10377737592927466,
        "hits_at_3": 0.05635925256178421,
        "hits_at_5": 0.07514567008237895,
        "inverse_arithmetic_mean_rank": 8.877522304828744e-06,
        "inverse_geometric_mean_rank": 0.00046745696454308927,
        "inverse_harmonic_mean_rank": 0.053191120806098675,
        "inverse_median_rank": 0.0003475238918326795,
        "median_absolute_deviation": 4258.774872657342,
        "median_rank": 2877.5,
        "standard_deviation": 350711.21875,
        "variance": 122998358016.0,
        "z_arithmetic_mean_rank": 163.86481807557038,
        "z_geometric_mean_rank": 99.65014156650602,
        "z_hits_at_k": 6940.966500188901,
        "z_inverse_harmonic_mean_rank": 8771.413989482448
      }
    },
    "head": {
      "optimistic": {
        "adjusted_arithmetic_mean_rank": 0.09491404524029899,
        "adjusted_arithmetic_mean_rank_index": 0.9050863619320746,
        "adjusted_geometric_mean_rank_index": 0.9863508172724573,
        "adjusted_hits_at_k": 0.019286498521149692,
        "adjusted_inverse_harmonic_mean_rank": 0.008330560633396997,
        "arithmetic_mean_rank": 210980.4434398232,
        "count": 4977.0,
        "geometric_mean_rank": 22220.132566835156,
        "harmonic_mean_rank": 119.98841375919501,
        "hits_at_1": 0.0016073940124573037,
        "hits_at_10": 0.019288728149487643,
        "hits_at_3": 0.010046212577858147,
        "hits_at_5": 0.014466546112115732,
        "inverse_arithmetic_mean_rank": 4.739775799576535e-06,
        "inverse_geometric_mean_rank": 4.500423195010809e-05,
        "inverse_harmonic_mean_rank": 0.008334138011082487,
        "inverse_median_rank": 3.184003566083994e-05,
        "median_absolute_deviation": 45655.252716661504,
        "median_rank": 31407.0,
        "standard_deviation": 459615.2480267084,
        "variance": 211246176218.65268,
        "z_arithmetic_mean_rank": 110.1695518749884,
        "z_geometric_mean_rank": 69.59641471546517,
        "z_hits_at_k": 902.3843641881725,
        "z_inverse_harmonic_mean_rank": 961.0472869579099
      },
      "pessimistic": {
        "adjusted_arithmetic_mean_rank": 0.09491412460276567,
        "adjusted_arithmetic_mean_rank_index": 0.9050862825695721,
        "adjusted_geometric_mean_rank_index": 0.9863508012656851,
        "adjusted_hits_at_k": 0.019286498521149692,
        "adjusted_inverse_harmonic_mean_rank": 0.008330560490545239,
        "arithmetic_mean_rank": 210980.61985131606,
        "count": 4977.0,
        "geometric_mean_rank": 22220.15862382341,
        "harmonic_mean_rank": 119.9884158158557,
        "hits_at_1": 0.0016073940124573037,
        "hits_at_10": 0.019288728149487643,
        "hits_at_3": 0.010046212577858147,
        "hits_at_5": 0.014466546112115732,
        "inverse_arithmetic_mean_rank": 4.7397718364119314e-06,
        "inverse_geometric_mean_rank": 4.500417917484383e-05,
        "inverse_harmonic_mean_rank": 0.008334137868231246,
        "inverse_median_rank": 3.184003566083994e-05,
        "median_absolute_deviation": 45655.252716661504,
        "median_rank": 31407.0,
        "standard_deviation": 459615.5849254031,
        "variance": 211246485906.32043,
        "z_arithmetic_mean_rank": 110.16954221477067,
        "z_geometric_mean_rank": 69.59641358603541,
        "z_hits_at_k": 902.3843641881725,
        "z_inverse_harmonic_mean_rank": 961.0472704779514
      },
      "realistic": {
        "adjusted_arithmetic_mean_rank": 0.09491408474357692,
        "adjusted_arithmetic_mean_rank_index": 0.9050863224287788,
        "adjusted_geometric_mean_rank_index": 0.9863508075231295,
        "adjusted_hits_at_k": 0.019286498521149692,
        "adjusted_inverse_harmonic_mean_rank": 0.008330561203981679,
        "arithmetic_mean_rank": 210980.53125,
        "count": 4977.0,
        "geometric_mean_rank": 22220.1484375,
        "harmonic_mean_rank": 119.98840554439231,
        "hits_at_1": 0.0016073940124573037,
        "hits_at_10": 0.019288728149487643,
        "hits_at_3": 0.010046212577858147,
        "hits_at_5": 0.014466546112115732,
        "inverse_arithmetic_mean_rank": 4.739773885376053e-06,
        "inverse_geometric_mean_rank": 4.500419890973717e-05,
        "inverse_harmonic_mean_rank": 0.008334138581665112,
        "inverse_median_rank": 3.184003435308114e-05,
        "median_absolute_deviation": 45655.252716661504,
        "median_rank": 31407.0,
        "standard_deviation": 459615.40625,
        "variance": 211246333952.0,
        "z_arithmetic_mean_rank": 110.16954706654076,
        "z_geometric_mean_rank": 69.59641402755754,
        "z_hits_at_k": 902.3843641881725,